
{
	"GameType":"SnB_Body",
	"CategoryDrawCategoryMap":{
		"Position":"Position",
		"Normal":"Normal",
		"Texcoord":"Texcoord",
		"Color":"Color",
		"Blend":"Blend"
	},
	"GPU-PreSkinning":true,
	"UE4PatchNullInBlend":true,
	"OrderedFullElementList":[
		"POSITION","NORMAL","TANGENT","TEXCOORD","TEXCOORD1","TEXCOORD2","COLOR","BLENDINDICES","BLENDWEIGHT"
	],
	"D3D11ElementList":[
		{
			"SemanticName":"POSITION",
			"SemanticIndex":"0",
			"Format":"R32G32B32_FLOAT",
			"InputSlot":"0",
			"InputSlotClass":"per-vertex",
			"InstanceDataStepRate":"0",
			"ByteWidth":"12",
			"ExtractSlot":"vb0",
			"ExtractTechnique":"NicoMico",
			"Category":"Position"
		},
		{
			"SemanticName":"NORMAL",
			"SemanticIndex":"0",
			"Format":"R8G8B8A8_SNORM",
			"InputSlot":"0",
			"InputSlotClass":"per-vertex",
			"InstanceDataStepRate":"0",
			"ByteWidth":"4",
			"ExtractSlot":"vb1",
			"ExtractTechnique":"NicoMico",
			"Category":"Normal"
		},
		{
			"SemanticName":"TANGENT",
			"SemanticIndex":"0",
			"Format":"R8G8B8A8_SNORM",
			"InputSlot":"0",
			"InputSlotClass":"per-vertex",
			"InstanceDataStepRate":"0",
			"ByteWidth":"4",
			"ExtractSlot":"vb1",
			"ExtractTechnique":"NicoMico",
			"Category":"Normal"
		},
		{
			"SemanticName":"COLOR",
			"SemanticIndex":"0",
			"Format":"R8G8B8A8_UNORM",
			"InputSlot":"0",
			"InputSlotClass":"per-vertex",
			"InstanceDataStepRate":"0",
			"ByteWidth":"4",
			"ExtractSlot":"vb3",
			"ExtractTechnique":"NicoMico",
			"Category":"Color"
		},
		{
			"SemanticName":"BLENDINDICES",
			"SemanticIndex":"0",
			"Format":"R8G8B8A8_UINT",
			"InputSlot":"0",
			"InputSlotClass":"per-vertex",
			"InstanceDataStepRate":"0",
			"ByteWidth":"4",
			"ExtractSlot":"vb4",
			"ExtractTechnique":"NicoMico",
			"Category":"Blend"
		},
		{
			"SemanticName":"BLENDWEIGHT",
			"SemanticIndex":"0",
			"Format":"R8G8B8A8_UNORM",
			"InputSlot":"0",
			"InputSlotClass":"per-vertex",
			"InstanceDataStepRate":"0",
			"ByteWidth":"4",
			"ExtractSlot":"vb4",
			"ExtractTechnique":"NicoMico",
			"Category":"Blend"
		},
		{
			"SemanticName":"TEXCOORD",
			"SemanticIndex":"0",
			"Format":"R16G16_FLOAT",
			"InputSlot":"0",
			"InputSlotClass":"per-vertex",
			"InstanceDataStepRate":"0",
			"ByteWidth":"4",
			"ExtractSlot":"vb2",
			"ExtractTechnique":"NicoMico",
			"Category":"Texcoord"
		},
		{
			"SemanticName":"TEXCOORD",
			"SemanticIndex":"1",
			"Format":"R16G16_FLOAT",
			"InputSlot":"0",
			"InputSlotClass":"per-vertex",
			"InstanceDataStepRate":"0",
			"ByteWidth":"4",
			"ExtractSlot":"vb2",
			"ExtractTechnique":"NicoMico",
			"Category":"Texcoord"
		},
		{
			"SemanticName":"TEXCOORD",
			"SemanticIndex":"2",
			"Format":"R16G16_FLOAT",
			"InputSlot":"0",
			"InputSlotClass":"per-vertex",
			"InstanceDataStepRate":"0",
			"ByteWidth":"4",
			"ExtractSlot":"vb2",
			"ExtractTechnique":"NicoMico",
			"Category":"Texcoord"
		}
		
	]
}