
{
	"GameType":"GIObjectFloor",
	"CategoryDrawCategoryMap":{
		"Position":"Position"
	},
	"OrderedFullElementList":[
		"POSITION","NORMAL","COLOR","TEXCOORD","TEXCOORD1","TANGENT"
	],
	"GPU-PreSkinning":false,
	"D3D11ElementList":[
		{
			"SemanticName":"POSITION",
			"SemanticIndex":"0",
			"Format":"R32G32B32_FLOAT",
			"InputSlot":"0",
			"InputSlotClass":"per-vertex",
			"InstanceDataStepRate":"0",
			"ByteWidth":"12",
			"ExtractSlot":"vb0",
			"ExtractTechnique":"trianglelist",
			"Category":"Position"
		},
		{
			"SemanticName":"NORMAL",
			"SemanticIndex":"0",
			"Format":"R32G32B32_FLOAT",
			"InputSlot":"0",
			"InputSlotClass":"per-vertex",
			"InstanceDataStepRate":"0",
			"ByteWidth":"12",
			"ExtractSlot":"vb0",
			"ExtractTechnique":"trianglelist",
			"Category":"Position"
		},
		{
			"SemanticName":"TANGENT",
			"SemanticIndex":"0",
			"Format":"R16G16B16A16_FLOAT",
			"InputSlot":"0",
			"InputSlotClass":"per-vertex",
			"InstanceDataStepRate":"0",
			"ByteWidth":"8",
			"ExtractSlot":"vb0",
			"ExtractTechnique":"trianglelist",
			"Category":"Position"
		},
		{
			"SemanticName":"COLOR",
			"SemanticIndex":"0",
			"Format":"R8G8B8A8_UNORM",
			"InputSlot":"0",
			"InputSlotClass":"per-vertex",
			"InstanceDataStepRate":"0",
			"ByteWidth":"4",
			"ExtractSlot":"vb0",
			"ExtractTechnique":"trianglelist",
			"Category":"Position"
		},
		{
			"SemanticName":"TEXCOORD",
			"SemanticIndex":"0",
			"Format":"R16G16_FLOAT",
			"InputSlot":"0",
			"InputSlotClass":"per-vertex",
			"InstanceDataStepRate":"0",
			"ByteWidth":"4",
			"ExtractSlot":"vb0",
			"ExtractTechnique":"trianglelist",
			"Category":"Position"
		},
		{
			"SemanticName":"TEXCOORD",
			"SemanticIndex":"1",
			"Format":"R16G16_FLOAT",
			"InputSlot":"0",
			"InputSlotClass":"per-vertex",
			"InstanceDataStepRate":"0",
			"ByteWidth":"4",
			"ExtractSlot":"vb0",
			"ExtractTechnique":"trianglelist",
			"Category":"Position"
		}
		
	]
}