
{
	"GameType":"HSR_T1_WeaponType3",
	"CategoryDrawCategoryMap":{
		"Position":"Position",
		"Texcoord":"Texcoord",
		"Blend":"Position"
	},
	"GPU-PreSkinning":true,
	"OrderedFullElementList":[
		"POSITION","NORMAL","TANGENT","COLOR","TEXCOORD","BLENDWEIGHTS","BLENDINDICES"
	],
	"PatchBLENDWEIGHTS":true,
	"D3D11ElementList":[
		{
			"SemanticName":"POSITION",
			"SemanticIndex":"0",
			"Format":"R32G32B32_FLOAT",
			"InputSlot":"0",
			"InputSlotClass":"per-vertex",
			"InstanceDataStepRate":"0",
			"ByteWidth":"12",
			"ExtractSlot":"vb0",
			"ExtractTechnique":"pointlist",
			"Category":"Position"
		},
		{
			"SemanticName":"NORMAL",
			"SemanticIndex":"0",
			"Format":"R32G32B32_FLOAT",
			"InputSlot":"0",
			"InputSlotClass":"per-vertex",
			"InstanceDataStepRate":"0",
			"ByteWidth":"12",
			"ExtractSlot":"vb0",
			"ExtractTechnique":"pointlist",
			"Category":"Position"
		},
		{
			"SemanticName":"TANGENT",
			"SemanticIndex":"0",
			"Format":"R32G32B32A32_FLOAT",
			"InputSlot":"0",
			"InputSlotClass":"per-vertex",
			"InstanceDataStepRate":"0",
			"ByteWidth":"16",
			"ExtractSlot":"vb0",
			"ExtractTechnique":"pointlist",
			"Category":"Position"
		},
		{
			"SemanticName":"COLOR",
			"SemanticIndex":"0",
			"Format":"R8G8B8A8_UNORM",
			"InputSlot":"0",
			"InputSlotClass":"per-vertex",
			"InstanceDataStepRate":"0",
			"ByteWidth":"4",
			"ExtractSlot":"vb1",
			"ExtractTechnique":"pointlist",
			"Category":"Texcoord"
		},
		{
			"SemanticName":"TEXCOORD",
			"SemanticIndex":"0",
			"Format":"R16G16_FLOAT",
			"InputSlot":"0",
			"InputSlotClass":"per-vertex",
			"InstanceDataStepRate":"0",
			"ByteWidth":"4",
			"ExtractSlot":"vb1",
			"ExtractTechnique":"pointlist",
			"Category":"Texcoord"
		},
		{
			"SemanticName":"BLENDWEIGHTS",
			"SemanticIndex":"0",
			"Format":"R32G32B32A32_FLOAT",
			"InputSlot":"0",
			"InputSlotClass":"per-vertex",
			"InstanceDataStepRate":"0",
			"ByteWidth":"16",
			"ExtractSlot":"vb2",
			"ExtractTechnique":"pointlist",
			"Category":"Blend"
		},
		{
			"SemanticName":"BLENDINDICES",
			"SemanticIndex":"0",
			"Format":"R32_UINT",
			"InputSlot":"0",
			"InputSlotClass":"per-vertex",
			"InstanceDataStepRate":"0",
			"ByteWidth":"4",
			"ExtractSlot":"vb2",
			"ExtractTechnique":"pointlist",
			"Category":"Blend"
		}
		
	]
}